protocol,fold,model,n_train,n_test,train_test_group_overlap,mae,rmse,mean_error
random,0,mean,270,90,6,11.963811391837858,14.796968652559483,1.7913794220386547
random,0,ridge,270,90,6,10.85291585323866,13.398679919228423,0.3128007779342168
random,0,random_forest,270,90,6,10.858453210187887,13.544608773738965,0.9091676872050795
random,0,adaboost,270,90,6,10.849338259600145,13.332672360251285,-0.04156797142077172
group_holdout,0,mean,240,120,0,15.168325476686693,18.72221130420037,13.75541951798004
group_holdout,0,ridge,240,120,0,15.775524113835473,19.36535676233076,15.631157657722413
group_holdout,0,random_forest,240,120,0,15.094686743696506,18.544922142563696,14.889528261221676
group_holdout,0,adaboost,240,120,0,13.979951436991206,17.604209261242893,13.460185782011449
loso,0,mean,300,60,0,6.123942278190264,7.724940618011214,-1.2249579552722414
loso,0,ridge,300,60,0,2.7636912867063574,3.307560671493642,-1.0632570725566168
loso,0,random_forest,300,60,0,3.86906085416493,5.195616621232966,-0.144198153824496
loso,0,adaboost,300,60,0,3.091264750257591,3.942166170603018,-1.4953094089998489
loso,1,mean,300,60,0,23.23362918404029,24.423973037478866,23.23362918404029
loso,1,ridge,300,60,0,25.553940058583112,25.706332791976166,25.553940058583112
loso,1,random_forest,300,60,0,24.004160653311757,24.36712898166097,24.004160653311757
loso,1,adaboost,300,60,0,23.813737586633767,24.073782584164633,23.813737586633767
loso,2,mean,300,60,0,14.779988428812702,16.784835278096846,-14.635238445794215
loso,2,ridge,300,60,0,14.67105131511684,15.10234333911473,-14.67105131511684
loso,2,random_forest,300,60,0,13.470502847149776,14.658836505013378,-13.470502847149776
loso,2,adaboost,300,60,0,14.127989823985978,14.943555671494611,-14.127989823985978
loso,3,mean,300,60,0,18.86642348512618,20.215538389030176,-18.78797292555157
loso,3,ridge,300,60,0,19.800229765737566,20.263467699423327,-19.800229765737566
loso,3,random_forest,300,60,0,19.356832460462087,20.16526778681979,-19.146136475424008
loso,3,adaboost,300,60,0,19.62513876096898,20.274369458680777,-19.62513876096898
loso,4,mean,300,60,0,12.715061216469843,14.750696270599926,12.079169249975415
loso,4,ridge,300,60,0,12.952690258262392,13.369660364311557,12.952690258262392
loso,4,random_forest,300,60,0,11.560597854638386,12.885856967454297,11.335287216121483
loso,4,adaboost,300,60,0,9.29333949253943,10.405376543278681,9.092393758339954
loso,5,mean,300,60,0,7.658714209286231,10.027372218130713,-0.6646291073976566
loso,5,ridge,300,60,0,3.765928802252636,4.775651447063425,-2.3708522895132593
loso,5,random_forest,300,60,0,5.596403870015644,6.875259533810612,-1.161684216208046
loso,5,adaboost,300,60,0,4.579197528796971,6.033935857633653,-2.7602048404716357
