protocol,model,n_test,mae,rmse
group_holdout,adaboost,120,13.979951436991206,17.604209261242893
group_holdout,mean,120,15.168325476686693,18.72221130420037
group_holdout,random_forest,120,15.094686743696506,18.544922142563696
group_holdout,ridge,120,15.775524113835473,19.36535676233076
loso,adaboost,360,12.421777990530453,15.13344991523674
loso,mean,360,13.896293133654252,16.657005974598807
loso,random_forest,360,12.976259756623762,15.575543986870052
loso,ridge,360,13.251255247776482,15.874502962016367
random,adaboost,90,10.849338259600145,13.332672360251285
random,mean,90,11.963811391837858,14.796968652559483
random,random_forest,90,10.858453210187887,13.544608773738965
random,ridge,90,10.85291585323866,13.398679919228423
